<?xml version="1.0" encoding="UTF-8"?>

<!DOCTYPE hibernate-mapping PUBLIC
          "-//Hibernate/Hibernate Mapping DTD 3.0//EN"
          "http://hibernate.sourceforge.net/hibernate-mapping-3.0.dtd">

<hibernate-mapping>
   <class name="com.gizmos.entities.Product" table="PRODUCTS">
      <id name="productId" type="string" column="PRODID">
         <generator class="assigned" />
      </id>

	<property name="productName">
		<column name="PRODNAME"/>
	</property>
	<property name="productPrice">
		<column name="PRODPRICE"/>
	</property>
		<property name="productDescription">
		<column name="PRODDESC"/>
	</property>
	<property name="quantity">
		<column name="QTY"/>
	</property>
	<property name="productBrand">
		<column name="BRAND"/>
	</property>
	<property name="categoryId">
		<column name="CATID"/>
	</property>
   </class>
 <class name="com.gizmos.entities.Category" table="CATEGORY">
    <id name="categoryId" type="string" column="CATID">
         <generator class="assigned" />
      </id>
	<property name="categoryName">
		<column name="CATNAME"/>
	</property>
 </class>
</hibernate-mapping>
